-- select * from Faculty
-- select * from Department
-- select * from Speciality
-- select * from Groups
-- select * from Account
-- select * from StudentProfile
-- select * from AcademicDegree
-- select * from Post
-- select * from TeacherProfile
-- select * from GraduateStudentProfile
-- select * from ResearchParticipants 

INSERT INTO Faculty (Name) VALUES
('Институт авиамашиностроения и транспорта'),
('Институт архитектуры, строительства и дизайна'),
('Институт высоких технологий'),
('Институт заочно-вечернего обучения'),
('Институт информационных технологий и анализа данных'),
('Институт недропользования'),
('Институт экономики, управления и права'),
('Институт энергетики');


INSERT INTO Department (Name, Faculty) VALUES
('Кафедра аэродинамики и летательных аппаратов', 1),
('Кафедра автомобильного транспорта и эксплуатации', 1),
('Кафедра архитектурного проектирования и дизайна', 2),
('Кафедра строительных материалов и технологий', 2),
('Кафедра лазерных и нанотехнологий', 3),
('Кафедра заочного обучения инженеров', 4),
('Кафедра программного обеспечения и анализа данных', 5),
('Кафедра разведки и добычи полезных ископаемых', 6),
('Кафедра экономической теории и права', 7),
('Кафедра возобновляемых источников энергии', 8);

INSERT INTO Department (Name, Faculty) VALUES
('Кафедра авиастроения', 1),
('Кафедра транспортных систем и логистики', 1),
('Кафедра дизайна интерьеров', 2),
('Кафедра градостроительства', 2),
('Кафедра материаловедения и технологий обработки', 3),
('Кафедра прикладной физики', 3),
('Кафедра гуманитарных дисциплин для заочников', 4),
('Кафедра менеджмента вечерней формы обучения', 4),
('Кафедра искусственного интеллекта', 5),
('Кафедра математического моделирования', 5),
('Кафедра геологии и разведки недр', 6),
('Кафедра технологии бурения', 6),
('Кафедра корпоративного управления', 7),
('Кафедра гражданского права и процесса', 7),
('Кафедра тепловых электрических станций', 8),
('Кафедра возобновляемой энергетики и экологии', 8);

INSERT INTO Speciality (Name, Department) VALUES
('Авиастроение и проектирование летательных аппаратов', 1),
('Эксплуатация авиационной техники', 1),
('Логистика и управление на транспорте', 2),
('Организация перевозок и управление на транспорте', 2),
('Дизайн интерьеров жилых и общественных зданий', 3),
('История и теория архитектуры', 3),
('Градостроительство и управление территориями', 4),
('Ландшафтная архитектура', 4),
('Материаловедение и защита материалов', 5),
('Технологии обработки материалов', 5),
('Физика новых материалов', 6),
('Лазерные технологии и их применение', 6),
('Искусственный интеллект и машинное обучение', 7),
('Обработка больших данных', 7),
('Энергоэффективность тепловых станций', 8),
('Автоматизация технологических процессов в энергетике', 8);


INSERT INTO Groups (Name, Specialty) VALUES
('АС-101', 1),
('АС-102', 1),
('ЛТ-201', 2),
('ЛТ-202', 2),
('ДИ-301', 3),
('ДИ-302', 3),
('МЗ-401', 5),
('МЗ-402', 5),
('ИИ-501', 7),
('ИИ-502', 7),
('ЭТС-601', 8),
('ЭТС-602', 8);

INSERT INTO Groups (Name, Specialty) VALUES
('ФИ-101', 11),
('ФИ-102', 11);

INSERT INTO Account (FirstName, LastName, Patronymic) VALUES
('Иван', 'Иванов', 'Иванович'),
('Мария', 'Смирнова', NULL),
('Алексей', 'Петров', 'Сергеевич'),
('Анна', 'Кузнецова', NULL),
('Дмитрий', 'Волков', 'Николаевич'),
('Елена', 'Зайцева', 'Петровна'),
('Олег', 'Михайлов', 'Анатольевич'),
('Светлана', 'Попова', 'Юрьевна'),
('Максим', 'Сидоров', 'Валерьевич'),
('Наталья', 'Тимофеева', NULL),
('Виктор', 'Кузьмин', 'Геннадьевич'),
('Галина', 'Шмидт', NULL),
('Юрий', 'Яковлев', 'Викторович'),
('Ирина', 'Лебедева', 'Михайловна'),
('Константин', 'Романов', 'Евгеньевич'),
('Татьяна', 'Соколова', 'Олеговна'),
('Андрей', 'Федоров', 'Дмитриевич'),
('Дина', 'Кирилова', 'Вячеславовна'),
('Сергей', 'Филиппов', 'Георгиевич'),
('Марина', 'Шарапова', 'Андреевна'),
('Егор', 'Чернов', 'Игоревич'),
('Владимир', 'Григорьев', 'Павлович'),
('Ксения', 'Соловьёва', 'Александровна'),
('Тимур', 'Малышев', 'Михайлович'),
('Зоя', 'Дмитриева', 'Аркадьевна'),
('Артем', 'Новиков', 'Юрьевич'),
('Алена', 'Барсукова', 'Ильинична'),
('Денис', 'Ковалёв', 'Анатольевич'),
('Оксана', 'Бурова', 'Валерьевна'),
('Игорь', 'Чернов', 'Валентинович'),
('Ярослав', 'Тарасов', 'Сергеевич'),
('Алёна', 'Князева', 'Станиславовна'),
('Роман', 'Чистяков', 'Геннадьевич'),
('Григорий', 'Павлов', 'Владимирович'),
('Людмила', 'Федорова', 'Викторовна'),
('Кирилл', 'Семенов', 'Дмитриевич'),
('Ирина', 'Мельникова', 'Юрьевна'),
('Екатерина', 'Кузнецова', 'Игоревна'),
('Станислав', 'Малиновский', 'Анатольевич'),
('Евгения', 'Яковлева', 'Станиславовна'),
('Дмитрий', 'Бардин', 'Иванович'),
('Алёна', 'Щербакова', 'Романовна'),
('Александр', 'Лебедев', 'Геннадьевич'),
('Анна', 'Фролова', 'Анатольевна'),
('Илья', 'Зайцев', 'Михайлович'),
('Ксения', 'Морозова', 'Евгеньевна'),
('Никита', 'Петров', 'Олегович'),
('Марина', 'Андреева', 'Вячеславовна'),
('Валентина', 'Михайлова', 'Игоревна'),
('Сергей', 'Смирнов', 'Григорьевич'),
('Лариса', 'Васильева', 'Анатольевна'),
('Владислав', 'Тимофеев', 'Сергеевич'),
('Мария', 'Попова', 'Ивановна'),
('Анатолий', 'Мельников', 'Геннадьевич'),
('Тимур', 'Гусев', 'Михайлович'),
('Анжела', 'Соболева', 'Станиславовна'),
('Евгений', 'Дьяков', 'Александрович'),
('Людмила', 'Соловьёва', 'Евгеньевна'),
('Александр', 'Корнеев', 'Сергеевич'),
('Николай', 'Лавров', 'Геннадьевич'),
('Яна', 'Королева', 'Игоревна'),
('Роман', 'Кириллов', 'Станиславович'),
('Дмитрий', 'Литвинов', 'Геннадьевич'),
('Елена', 'Денисова', 'Владимировна'),
('Виктория', 'Фомина', 'Юрьевна'),
('Андрей', 'Николаев', 'Михайлович'),
('Денис', 'Захаров', 'Петрович'),
('Алексей', 'Сергеева', 'Евгеньевна'),
('Ирина', 'Кудрявцева', 'Сергеевна'),
('Сергей', 'Титов', 'Игоревич'),
('Григорий', 'Шевченко', 'Дмитриевич'),
('Ольга', 'Яковлева', 'Геннадьевна'),
('Наталья', 'Кривова', 'Павловна'),
('Виктор', 'Трофимов', 'Михайлович'),
('Татьяна', 'Горшкова', 'Юрьевна'),
('Михаил', 'Дроздов', 'Александрович'),
('Светлана', 'Федотова', 'Станиславовна'),
('Юрий', 'Гришин', 'Геннадьевич'),
('Ирина', 'Ковалёва', 'Петровна'),
('Алексей', 'Матвеев', 'Владимирович'),
('Наталья', 'Семенова', 'Вячеславовна'),
('Константин', 'Гончаров', 'Сергеевич'),
('Оксана', 'Карпова', 'Владимировна'),
('Дмитрий', 'Иванов', 'Петрович'),
('Роман', 'Герасимов', 'Геннадьевич'),
('Елена', 'Широкова', 'Анатольевна');

INSERT INTO Account (FirstName, LastName, Patronymic) VALUES
('Петр', 'Петров', 'Петрович'),
('Сергей', 'Сергеев', 'Сергеевич'),
('Александр', 'Алексеев', 'Алексеевич'),
('Дмитрий', 'Дмитриев', 'Дмитриевич'),
('Михаил', 'Михайлов', 'Михайлович'),
('Андрей', 'Андреев', 'Андреевич'),
('Игорь', 'Игорев', 'Игоревич'),
('Виктор', 'Викторов', 'Викторович'),
('Константин', 'Константинов', 'Константинович'),
('Анатолий', 'Анатольев', 'Анатольевич'),
('Роман', 'Романов', 'Романович'),
('Станислав', 'Станиславов', 'Станиславович'),
('Владимир', 'Владимиров', 'Владимирович'),
('Вячеслав', 'Вячеславов', 'Вячеславович'),
('Юрий', 'Юрьев', 'Юрьевич'),
('Артур', 'Артуров', 'Артурович'),
('Егор', 'Егоров', 'Егорович'),
('Максим', 'Максимов', 'Максимович'),
('Олег', 'Олегов', 'Олегович'),
('Тимур', 'Тимуров', 'Тимурович'),
('Кирилл', 'Кириллов', 'Кириллович'),
('Павел', 'Павлов', 'Павлович'),
('Роман', 'Романов', 'Романович'),
('Денис', 'Денисов', 'Денисович'),
('Алексей', 'Алексеев', 'Алексеевич'),
('Ярослав', 'Ярославов', 'Ярославович'),
('Даниил', 'Даниилов', 'Даниилович'),
('Артем', 'Артемов', 'Артемович'),
('Никита', 'Никитин', 'Никитич'),
('Данил', 'Данилов', 'Данилович'),
('Роман', 'Романов', 'Романович'),
('Валерий', 'Валерьев', 'Валерьевич'),
('Федор', 'Федоров', 'Федорович'),
('Анатолий', 'Анатольев', 'Анатольевич'),
('Илья', 'Ильин', 'Ильинич'),
('Семен', 'Семенов', 'Семенович'),
('Максим', 'Максимов', 'Максимович'),
('Андрей', 'Андреев', 'Андреевич'),
('Александр', 'Алексеев', 'Алексеевич'),
('Марк', 'Марков', 'Маркович'),
('Сергей', 'Сергеев', 'Сергеевич'),
('Вадим', 'Вадимов', 'Вадимович'),
('Григорий', 'Григорьев', 'Григорьевич'),
('Лев', 'Львов', 'Львович'),
('Владислав', 'Владиславов', 'Владиславович'),
('Артемий', 'Артемьев', 'Артемьевич'),
('Иван', 'Иванов', 'Иванович'),
('Виктор', 'Викторов', 'Викторович'),
('Филипп', 'Филиппов', 'Филиппович');




INSERT INTO StudentProfile (Year, StudGroup, Account) VALUES
(1, 1, 1),
(2, 2, 2),
(3, 3, 3),
(4, 4, 4),
(1, 5, 5),
(2, 6, 6),
(3, 7, 7),
(4, 8, 8),
(1, 9, 9),
(2, 10, 10),
(3, 11, 11),
(4, 12, 12),
(1, 1, 13),
(2, 2, 14),
(3, 3, 15),
(4, 4, 16),
(1, 5, 17),
(2, 6, 18),
(3, 7, 19),
(4, 8, 20),
(1, 9, 21),
(2, 10, 22),
(3, 11, 23),
(4, 12, 24),
(1, 1, 25),
(2, 2, 26),
(3, 3, 27),
(4, 4, 28),
(1, 5, 29),
(2, 6, 30),
(3, 7, 31),
(4, 8, 32),
(1, 9, 33),
(2, 10, 34),
(3, 11, 35),
(4, 12, 36),
(1, 1, 37),
(2, 2, 38),
(3, 3, 39),
(4, 4, 40);

INSERT INTO StudentProfile (Year, StudGroup, Account) VALUES
(1, 1, 80),
(1, 2, 81),
(1, 3, 82),
(1, 4, 83),
(1, 5, 84),
(1, 6, 85),
(1, 7, 86),
(1, 8, 87),
(1, 9, 88),
(1, 10, 89),
(1, 11, 90),
(1, 12, 91),
(2, 1, 92),
(2, 2, 93),
(2, 3, 94),
(2, 4, 95),
(2, 5, 96),
(2, 6, 97),
(2, 7, 98),
(2, 8, 99),
(2, 9, 100);

INSERT INTO AcademicDegree (AcademicDegreeName) VALUES
('Доктор наук'),
('Кандидат наук'),
('Доктор философии'),
('Магистр наук'),
('Бакалавр'),
('Профессор'),
('Доцент');

INSERT INTO Post (PostName) VALUES
('Преподаватель'),
('Доцент'),
('Профессор'),
('Старший преподаватель'),
('Ассистент'),
('Ведущий научный сотрудник'),
('Научный сотрудник');

INSERT INTO TeacherProfile (Post, Status, Degree, Account, Department, isHead) VALUES
(1, NULL, 1, 41, 1, FALSE),
(2, NULL, 2, 42, 2, FALSE),
(3, NULL, 3, 43, 3, TRUE),
(1, NULL, 1, 44, 4, FALSE),
(2, NULL, 2, 45, 5, FALSE),
(3, NULL, 3, 46, 6, FALSE),
(1, NULL, 1, 47, 7, FALSE),
(2, NULL, 2, 48, 8, TRUE),
(3, NULL, 3, 49, 9, FALSE),
(1, NULL, 1, 50, 10, FALSE),
(2, NULL, 2, 51, 11, FALSE),
(3, NULL, 3, 52, 12, FALSE),
(1, NULL, 1, 53, 13, FALSE),
(2, NULL, 2, 54, 14, FALSE),
(3, NULL, 3, 55, 15, FALSE),
(1, NULL, 1, 56, 16, FALSE),
(2, NULL, 2, 57, 17, TRUE),
(3, NULL, 3, 58, 18, FALSE),
(1, NULL, 1, 59, 19, FALSE),
(2, NULL, 2, 60, 20, FALSE),
(3, NULL, 3, 61, 21, TRUE),
(1, NULL, 1, 62, 22, FALSE),
(2, NULL, 2, 63, 23, FALSE),
(3, NULL, 3, 64, 24, FALSE),
(1, NULL, 1, 65, 25, FALSE),
(2, NULL, 2, 66, 26, TRUE),
(3, NULL, 3, 67, 1, FALSE),
(1, NULL, 1, 68, 2, FALSE),
(2, NULL, 2, 69, 3, FALSE),
(3, NULL, 3, 70, 4, TRUE),
(1, NULL, 1, 71, 5, FALSE),
(2, NULL, 2, 72, 6, FALSE),
(3, NULL, 3, 73, 7, FALSE),
(1, NULL, 1, 74, 8, FALSE),
(2, NULL, 2, 75, 9, TRUE),
(3, NULL, 3, 76, 10, FALSE),
(1, NULL, 1, 77, 11, FALSE),
(2, NULL, 2, 78, 12, FALSE),
(3, NULL, 3, 79, 13, TRUE);

INSERT INTO GraduateStudentProfile (Year, StudGroup, Account) VALUES
(1, 13, 101),
(2, 14, 102),
(1, 13, 103),
(2, 14, 104),
(1, 13, 105),
(2, 14, 106),
(1, 13, 107),
(2, 14, 108),
(1, 13, 109),
(2, 14, 110),
(1, 13, 111),
(2, 14, 112),
(1, 13, 113),
(2, 14, 114),
(1, 13, 115),
(2, 14, 116),
(1, 13, 117),
(2, 14, 118),
(1, 13, 119),
(2, 14, 120),
(1, 13, 121),
(2, 14, 122),
(1, 13, 123),
(2, 14, 124),
(1, 13, 125),
(2, 14, 126),
(1, 13, 127),
(2, 14, 128),
(1, 13, 129),
(2, 14, 130),
(1, 13, 131),
(2, 14, 132),
(1, 13, 133),
(2, 14, 134),
(1, 13, 135);

INSERT INTO Commitette (Chairman) VALUES
(3),
(8),
(17),
(21),
(26);

INSERT INTO RelationTeachersCommitette (TeacherProfile, Commitette) VALUES
(1, 1),
(2, 1),
(3, 1),
(4, 1),
(5, 1),

(6, 2),
(7, 2),
(8, 2),
(9, 2),
(10, 2),

(11, 3),
(12, 3),
(13, 3),
(14, 3),
(15, 3),

(16, 4),
(17, 4),
(18, 4),
(19, 4),
(20, 4),

(21, 5),
(22, 5),
(23, 5),
(24, 5),
(25, 5);

-- Вставляем по 3 аспиранта в каждый комитет
INSERT INTO RelationGraduateStudentCommitette (GraduateStudentProfile, Commitette) VALUES
(1, 1),
(2, 1),
(3, 1),

(4, 2),
(5, 2),
(6, 2),

(7, 3),
(8, 3),
(9, 3),

(10, 4),
(11, 4),
(12, 4),

(13, 5),
(14, 5),
(15, 5);

INSERT INTO Event (Name, Type, AddressCity, AddressStreet, AddressNumber, Date, Faculty) VALUES
('Научная конференция по ИТ', 'Научно-исследовательское', 'Москва', 'Ленина', '10', '2024-05-15', 1),
('Международный семинар по машиностроению', 'Научно-исследовательское', 'Санкт-Петербург', 'Гагарина', '25', '2024-06-20', 2),
('Экспериментальный симпозиум по энергетике', 'Научно-исследовательское', 'Москва', 'Киевская', '12', '2024-07-10', 3),
('Форум по новым технологиям в строительстве', 'Научно-исследовательское', 'Москва', 'Чкалова', '15', '2024-08-05', 4),
('Всероссийская олимпиада по математике', 'Олимпиада', 'Санкт-Петербург', 'Тимирязева', '8', '2024-09-25', 5);

INSERT INTO Research (Commitette, Event) VALUES
(1, 1),
(2, 2),
(3, 3),
(4, 4),
(5, 5);

INSERT INTO ResearchParticipants (Research, Account) VALUES
(1, 1),
(1, 2),
(1, 3),
(1, 4),
(1, 5),

(2, 6),
(2, 7),
(2, 8),
(2, 9),
(2, 10),

(3, 11),
(3, 12),
(3, 13),
(3, 14),
(3, 15),

(4, 16),
(4, 17),
(4, 18),
(4, 19),
(4, 20),

(5, 21),
(5, 22),
(5, 23),
(5, 24),
(5, 25),

(1, 80),
(2, 81),
(3, 82),
(4, 83),
(5, 84),

(1, 85),
(2, 86),
(3, 87),
(4, 88),
(5, 89),

(1, 90),
(2, 91),
(3, 92),
(4, 93),
(5, 94),

(1, 95),
(2, 96),
(3, 97),
(4, 98),
(5, 99);


-- Вставляем участников научных исследований (по 10 на каждое исследование)
INSERT INTO ResearchParticipants (Research, Account) VALUES
(1, 6),
(1, 7),
(1, 8),
(1, 9),
(1, 10),

(2, 11),
(2, 12),
(2, 13),
(2, 14),
(2, 15),
(2, 16),
(2, 17),
(2, 18),
(2, 19),
(2, 20),

(3, 21),
(3, 22),
(3, 23),
(3, 24),
(3, 25),
(3, 26),
(3, 27),
(3, 28),
(3, 29),
(3, 30),

(4, 31),
(4, 32),
(4, 33),
(4, 34),
(4, 35),
(4, 36),
(4, 37),
(4, 38),
(4, 39),
(4, 40),

(5, 80),
(5, 81),
(5, 82),
(5, 83),
(5, 85),
(5, 86),
(5, 87),
(5, 88),

(2, 100);
